ddl_case_id,predicted_adjournments_count,predicted_priority_score,predicted_escalation_level
CASE_0,7.61,5.794115783602382,Medium
CASE_1,9.5,4.550682272462212,High
CASE_2,8.95,5.492356008202837,Low
CASE_3,7.67,5.326826247378192,Medium
CASE_4,9.23,4.719281459918282,Medium
CASE_5,8.47,5.05220965355087,Medium
CASE_6,7.77,5.887964086056945,High
CASE_7,11.13,5.155329273208119,Medium
CASE_8,12.09,6.533563669782008,Medium
CASE_9,8.86,5.3980284611807505,Low
CASE_10,9.06,5.780442920503395,High
CASE_11,9.26,5.773535290699666,Low
CASE_12,9.51,5.719290914164514,Medium
CASE_13,9.94,5.9442871161975175,Medium
CASE_14,9.42,6.674470225974934,High
CASE_15,7.67,6.3892279552158735,High
CASE_16,6.92,4.685690973539235,Medium
CASE_17,9.97,6.027257073319172,High
CASE_18,8.17,5.431039643696483,Medium
CASE_19,8.71,5.849441528277726,Medium
CASE_20,7.93,6.533287075091996,High
CASE_21,9.32,5.398164643591501,Low
CASE_22,10.2,6.55049701109331,High
CASE_23,8.22,6.194046579859104,High
CASE_24,9.7,4.443103916134407,Medium
CASE_25,9.04,5.830741985010056,High
CASE_26,9.25,4.925458224827097,Medium
CASE_27,7.8,6.04305965311108,Medium
CASE_28,8.49,5.350369872894927,Low
CASE_29,7.25,4.887669089218272,High
CASE_30,8.66,5.921695210061826,High
CASE_31,8.66,5.027289750459033,Medium
CASE_32,9.05,5.796986328013999,Low
CASE_33,10.5,4.780041021544507,High
CASE_34,6.96,4.714917003828911,Low
CASE_35,8.51,6.054203910822046,High
CASE_36,9.7,5.8345418153191755,Medium
CASE_37,9.82,5.472992529425368,Medium
CASE_38,9.58,5.8729147393331615,Low
CASE_39,8.72,5.6473634287796175,Medium
CASE_40,7.79,6.2727336567520116,High
CASE_41,9.23,5.847883506229109,High
CASE_42,10.51,5.776856012636828,High
CASE_43,10.43,5.810561936623522,High
CASE_44,8.69,5.131293026518713,Medium
CASE_45,10.37,5.202825538071346,High
CASE_46,8.04,4.884020546866847,Low
CASE_47,9.89,5.759716292990882,Low
CASE_48,6.44,5.556783229874542,High
CASE_49,8.53,4.260572882998911,Medium
CASE_50,12.54,7.4984210118160295,Medium
CASE_51,9.3,5.352868341815537,Medium
CASE_52,8.72,5.191514618796203,Low
CASE_53,9.02,4.9424169177627455,High
CASE_54,6.52,5.238319114593435,Medium
CASE_55,9.34,4.295798690352241,Medium
CASE_56,9.62,5.838251926519696,Medium
CASE_57,7.8,6.019767693496975,High
CASE_58,9.34,5.80002623666855,Medium
CASE_59,8.28,5.208189561171646,High
CASE_60,9.17,6.755747639754912,Low
CASE_61,12.2,6.408494974470004,Low
CASE_62,9.71,4.627681041509513,Medium
CASE_63,7.96,6.614683153557159,Low
CASE_64,9.45,4.938279881029233,Medium
CASE_65,10.24,4.943904389482305,Medium
CASE_66,10.01,6.323937933696353,High
CASE_67,9.74,4.903539028450804,Medium
CASE_68,5.48,5.857894885203743,Medium
CASE_69,9.63,6.6099018648821275,High
CASE_70,8.51,6.012379147810423,High
CASE_71,10.99,7.303312066688403,Medium
CASE_72,9.46,4.587519074442556,Medium
CASE_73,10.19,5.619677033756294,Low
CASE_74,9.49,5.574218391936918,Medium
CASE_75,6.79,5.994427227238299,Medium
CASE_76,7.95,6.7826552458185265,High
CASE_77,9.64,4.59439285735122,Medium
CASE_78,9.4,5.756185243767874,Medium
CASE_79,8.51,6.370907668905386,Medium
CASE_80,9.29,4.90143924419898,Low
CASE_81,9.44,6.197168100090288,Low
CASE_82,9.65,6.576108450997967,High
CASE_83,8.78,5.461298282817952,High
CASE_84,8.5,5.2395591304490425,High
CASE_85,10.14,6.015652459874482,Medium
CASE_86,8.68,6.282402190268368,Low
CASE_87,10.2,5.372629855311894,High
CASE_88,6.54,4.823785971723789,High
CASE_89,8.99,6.548401152513564,High
CASE_90,9.97,4.69203890885978,Low
CASE_91,9.65,6.534111629977319,Low
CASE_92,10.6,3.934190744269715,Medium
CASE_93,9.57,6.892883686594616,Medium
CASE_94,12.1,5.408614660239794,High
CASE_95,10.41,5.996307985948792,High
CASE_96,9.56,5.470097893671119,Medium
CASE_97,8.62,5.842732859361729,Low
CASE_98,9.43,6.059394658987357,Low
CASE_99,10.44,5.423631293679937,Low
CASE_100,9.92,5.721495838094427,Medium
CASE_101,6.49,5.6432191161954846,Low
CASE_102,6.96,5.6689175630034745,Low
CASE_103,7.77,6.117044886660804,Medium
CASE_104,9.35,5.442060735419429,Medium
CASE_105,10.06,5.662638959251686,Medium
CASE_106,9.85,5.560784901360461,Medium
CASE_107,9.01,5.620210203756235,Low
CASE_108,8.32,5.325763126261233,Medium
CASE_109,12.05,4.940096474676631,Low
CASE_110,9.89,5.212031198043244,Medium
CASE_111,7.51,6.222637449751862,High
CASE_112,7.67,5.736634778796457,Low
CASE_113,9.67,5.8080918070674095,Low
CASE_114,10.09,6.1889372333221955,Low
CASE_115,8.01,5.155700929995976,Low
CASE_116,9.11,6.046412674624926,Medium
CASE_117,10.04,4.828786439777398,Medium
CASE_118,8.37,5.312960617235424,Medium
CASE_119,8.32,6.097116582059451,High
CASE_120,6.08,5.937696398962533,Medium
CASE_121,8.36,6.819054878419536,High
CASE_122,9.92,5.596138289998902,Low
CASE_123,9.58,6.6411854452121215,Low
CASE_124,8.73,6.5138998819334475,Medium
CASE_125,10.03,6.583636267565335,Medium
CASE_126,8.25,6.867438295896659,Medium
CASE_127,6.72,4.6693654951669235,High
CASE_128,10.4,4.439451562624684,Low
CASE_129,9.06,5.099413221526916,Low
CASE_130,8.99,6.750275764626992,High
CASE_131,10.34,5.58157531175794,Low
CASE_132,10.41,5.094935180683815,Medium
CASE_133,10.66,6.40408301829941,Medium
CASE_134,9.69,4.812785363648667,Low
CASE_135,9.99,4.738813632397206,High
CASE_136,8.74,4.830490143448841,Low
CASE_137,9.85,5.29702524726524,High
CASE_138,9.85,5.06633186622186,High
CASE_139,9.59,5.320019415362051,High
CASE_140,11.23,5.075971868256772,Medium
CASE_141,9.57,5.137679039937515,Medium
CASE_142,9.31,5.2021428240271925,Low
CASE_143,8.4,5.713469869579185,Low
CASE_144,9.37,5.923880011445257,Low
CASE_145,8.67,6.326711609316502,High
CASE_146,8.28,5.443404668175085,Medium
CASE_147,11.58,5.9306239473438325,Medium
CASE_148,10.19,5.736144208650869,Medium
CASE_149,8.75,6.152325290067422,High
CASE_150,10.68,5.311271609381624,Medium
CASE_151,8.89,5.641630030301103,Low
CASE_152,10.23,6.676909509678086,Medium
CASE_153,9.02,5.615103560608741,Low
CASE_154,9.94,3.3860470083634966,High
CASE_155,9.07,6.16563668995203,Medium
CASE_156,11.19,5.154957397302899,High
CASE_157,8.92,4.468280834317123,Medium
CASE_158,8.98,5.941212670529832,Medium
CASE_159,9.14,5.1910906154891165,High
CASE_160,10.32,5.551397633269317,Medium
CASE_161,9.99,5.222777256261542,Medium
CASE_162,8.89,6.445550545809808,High
CASE_163,9.37,6.061844749909044,Medium
CASE_164,8.59,3.8554184183074214,Medium
CASE_165,9.32,4.803306477560023,Low
CASE_166,8.4,5.769503028698934,Low
CASE_167,9.27,5.878334520576509,Low
CASE_168,7.97,5.283105949656078,Medium
CASE_169,10.0,6.642742944290844,High
CASE_170,6.84,5.541499004880527,High
CASE_171,10.96,5.70738313218791,High
CASE_172,8.84,6.516301440372746,High
CASE_173,11.42,6.024427605166024,Medium
CASE_174,9.84,6.162732258780269,Medium
CASE_175,10.79,5.499911599322652,High
CASE_176,9.94,4.485873228906309,Medium
CASE_177,9.94,5.650244586215667,Low
CASE_178,10.33,5.884282660228613,High
CASE_179,10.22,4.798279686028746,High
CASE_180,9.69,5.362969594782189,Medium
CASE_181,10.91,5.48888005678763,High
CASE_182,6.86,5.789501422386062,Medium
CASE_183,10.68,7.172132011913244,Medium
CASE_184,8.92,5.78258431962384,Medium
CASE_185,10.62,6.568862130321939,Medium
CASE_186,10.32,4.96611201624967,Medium
CASE_187,10.01,4.797644332630527,Medium
CASE_188,7.2,5.949068426155358,Medium
CASE_189,7.76,5.648350237877842,Medium
CASE_190,8.26,5.468956623176288,Low
CASE_191,7.12,5.934788121597897,Low
CASE_192,8.54,5.032250116113789,Medium
CASE_193,8.7,6.055200460922924,Medium
CASE_194,9.56,5.498730083681169,Medium
CASE_195,9.15,6.439989020529167,Low
CASE_196,7.84,5.41374633269386,High
CASE_197,9.49,6.216053382986897,High
CASE_198,8.89,5.668510693533588,Low
CASE_199,10.68,6.5073111641873185,High
CASE_200,9.44,6.630006668779295,Medium
CASE_201,9.18,6.211858410496407,High
CASE_202,6.87,3.7546950228501776,Low
CASE_203,10.13,5.083504943259639,Medium
CASE_204,10.02,5.396849550483023,Medium
CASE_205,9.24,5.547909982007983,Medium
CASE_206,7.87,5.9426433589912735,Medium
CASE_207,9.24,5.445694047757063,Low
CASE_208,9.53,5.897657329271056,Medium
CASE_209,8.41,5.241673942394182,High
CASE_210,6.22,5.026462127964588,Low
CASE_211,7.21,5.323910664844603,Low
CASE_212,12.67,6.278937784526182,Medium
CASE_213,10.5,4.789583266115554,Low
CASE_214,8.85,6.3972565008118725,Medium
CASE_215,9.57,5.459144985671274,Low
CASE_216,8.52,6.711843246415961,Medium
CASE_217,9.3,5.71263542330899,High
CASE_218,9.76,5.151190574728835,High
CASE_219,10.73,5.051224605570362,Low
CASE_220,11.7,5.061736210813746,Low
CASE_221,9.14,4.374740496946857,High
CASE_222,9.74,5.199499353972808,Low
CASE_223,9.12,5.036055878664227,Low
CASE_224,7.69,4.737250052033014,Low
CASE_225,11.27,4.939397705275085,Low
CASE_226,10.55,6.991788926510045,Medium
CASE_227,6.89,5.466812605801372,Low
CASE_228,9.65,5.705996849416924,Medium
CASE_229,10.63,6.058423522823788,Low
CASE_230,9.86,6.720734506822393,Medium
CASE_231,8.92,5.75566048859211,High
CASE_232,8.89,5.730822003877663,Medium
CASE_233,9.49,5.579438623694764,High
CASE_234,8.36,5.013578477206367,High
CASE_235,9.42,6.003591484207515,High
CASE_236,7.92,4.946211641586144,High
CASE_237,9.81,6.096981972231395,Medium
CASE_238,10.2,5.041454029180237,High
CASE_239,10.43,6.237554379216928,Medium
CASE_240,9.1,5.674473891049327,Medium
CASE_241,7.76,5.824869030811746,Low
CASE_242,10.03,4.848627257943222,Low
CASE_243,9.54,6.49437473104339,High
CASE_244,9.09,5.619052219768691,High
CASE_245,7.24,4.868047576872035,Medium
CASE_246,10.04,5.073921400279205,Medium
CASE_247,9.95,5.654324713617782,Medium
CASE_248,11.03,6.491920663155821,High
CASE_249,10.95,4.891273603662243,Medium
CASE_250,9.26,5.030250017284658,Low
CASE_251,7.4,5.716403613686754,Medium
CASE_252,11.46,5.281398879377086,Medium
CASE_253,10.17,5.743159646918265,Medium
CASE_254,8.04,4.960803937510731,Medium
CASE_255,9.0,6.0601825888366605,Medium
CASE_256,9.71,5.1464928833214465,Low
CASE_257,11.13,6.589485331435636,High
CASE_258,10.65,6.027067330943334,Low
CASE_259,8.92,5.819966625259033,Low
CASE_260,10.78,4.9009712372298075,Low
CASE_261,9.63,6.30986890313277,Low
CASE_262,7.16,5.702537425411143,Medium
CASE_263,10.35,6.174719110536947,High
CASE_264,8.29,6.827619476343272,High
CASE_265,8.29,5.876279916614175,Low
CASE_266,7.42,5.302335373378281,Low
CASE_267,8.94,5.786767270568874,High
CASE_268,8.06,5.982035738053404,Medium
CASE_269,10.07,5.541621517078223,High
CASE_270,10.25,5.361471144574637,High
CASE_271,5.96,5.816867525348686,High
CASE_272,9.45,4.942024217900754,Medium
CASE_273,10.22,5.647278067509487,Low
CASE_274,10.7,4.646570419605976,High
CASE_275,10.25,5.506972261956314,Low
CASE_276,6.85,5.413928035783454,Low
CASE_277,9.92,4.84497371551122,Medium
CASE_278,8.98,6.730573431708247,Medium
CASE_279,8.91,6.4473053855318305,High
CASE_280,11.17,5.111821578641973,Low
CASE_281,7.76,6.115834529960213,Medium
CASE_282,9.73,5.100344626515371,Medium
CASE_283,10.3,6.03126830703628,Medium
CASE_284,12.05,4.999805253618801,High
CASE_285,10.18,5.345709126708257,Low
CASE_286,8.01,5.430849727526135,Low
CASE_287,10.2,5.1916168029878556,Medium
CASE_288,9.4,5.362738780881823,Low
CASE_289,9.59,5.799916103362769,Medium
CASE_290,10.02,5.415247729143124,Medium
CASE_291,9.02,5.936535520016102,Low
CASE_292,7.54,4.532564409996252,High
CASE_293,10.03,5.334921260526939,High
CASE_294,9.2,6.340753904691828,High
CASE_295,9.23,4.463895426376216,Medium
CASE_296,9.69,5.1334920826460255,Medium
CASE_297,7.74,5.447404676955838,High
CASE_298,9.65,5.42419336823709,High
CASE_299,8.07,4.936476416269362,Medium
CASE_300,8.17,5.419084990834713,Medium
CASE_301,6.34,6.332542865430959,Medium
CASE_302,8.06,5.117215574771247,Medium
CASE_303,9.44,6.133914869481171,Medium
CASE_304,8.26,5.719657342567355,Medium
CASE_305,9.91,4.790137771568795,Low
CASE_306,10.55,3.5533832550211404,Low
CASE_307,6.29,5.293979901970544,Medium
CASE_308,7.51,4.62675810094226,Medium
CASE_309,8.41,5.755507338461888,High
CASE_310,6.76,6.542339577541611,Low
CASE_311,10.1,4.9068491609934,Medium
CASE_312,10.26,4.737928954819875,Medium
CASE_313,11.2,5.176326150964849,Low
CASE_314,7.8,5.171024713307622,Medium
CASE_315,7.89,6.545885985642709,High
CASE_316,9.11,6.630440065077339,High
CASE_317,8.2,5.130091587145139,High
CASE_318,7.03,4.456480253576702,High
CASE_319,10.42,6.5039685061589,Low
CASE_320,9.34,5.1714686141112,High
CASE_321,11.28,5.373335764584422,High
CASE_322,9.59,6.207514462572998,Low
CASE_323,8.41,5.4626035978024525,Low
CASE_324,9.07,5.9333124869641445,Medium
CASE_325,7.86,5.0989709803785646,Low
CASE_326,7.45,4.718990108908894,Medium
CASE_327,10.34,7.1374337863845065,Medium
CASE_328,8.93,6.5890981216648346,Medium
CASE_329,9.65,5.465893733985698,Low
CASE_330,7.55,5.883792714441151,Medium
CASE_331,10.91,6.539667707800271,Medium
CASE_332,10.62,6.230170139533413,Medium
CASE_333,8.14,5.693235692714586,Medium
CASE_334,9.8,6.034889931913645,Medium
CASE_335,10.65,5.43800768193784,Medium
CASE_336,10.2,5.712315271170115,High
CASE_337,8.58,6.257447998158868,Low
CASE_338,7.64,5.786669880480385,High
CASE_339,7.38,6.113091718198323,High
CASE_340,10.57,5.593619944816712,Medium
CASE_341,6.89,5.8860393635155495,Low
CASE_342,8.76,5.843124633335086,Low
CASE_343,9.12,6.034733818875858,Medium
CASE_344,8.24,6.37572792834428,Medium
CASE_345,8.42,5.388532392459918,Low
CASE_346,9.78,4.875738871257889,Medium
CASE_347,8.52,6.686725129329477,Medium
CASE_348,11.17,5.092210874249254,Low
CASE_349,6.61,4.210903066952551,High
CASE_350,5.47,5.306453676387155,Medium
CASE_351,8.69,5.516596988212566,High
CASE_352,11.57,5.287370324616833,Low
CASE_353,10.07,5.786571656828082,Low
CASE_354,7.78,4.749543302450563,Low
CASE_355,9.06,6.999405047652433,Medium
CASE_356,7.67,4.6742800594335,Medium
CASE_357,9.05,6.358431834574715,Medium
CASE_358,7.83,6.122355077270718,Medium
CASE_359,9.22,6.545722674328349,Medium
CASE_360,8.71,6.143906359474443,Medium
CASE_361,8.86,5.281728282824835,Low
CASE_362,9.35,5.591888414985004,Low
CASE_363,8.68,6.478103907293441,Low
CASE_364,5.54,4.788394558211124,Low
CASE_365,9.74,5.820799657588518,Low
CASE_366,6.1,5.9128367160628486,Low
CASE_367,9.31,5.9331688905277,Low
CASE_368,9.15,5.639678457880703,Medium
CASE_369,9.52,5.437616439455927,High
CASE_370,9.67,5.669845080740561,Low
CASE_371,10.06,4.948025954735153,Low
CASE_372,7.9,5.342188247994611,Medium
CASE_373,8.44,4.149693072330357,High
CASE_374,8.35,5.64197324895151,Medium
CASE_375,11.19,5.563623867745639,Low
CASE_376,7.45,5.57960509930947,Low
CASE_377,8.65,5.089408368047571,Low
CASE_378,8.33,5.567663994143819,High
CASE_379,10.27,5.371939065717873,High
CASE_380,9.27,6.430052643674966,Low
CASE_381,8.83,5.845002320969944,Medium
CASE_382,6.28,6.090008960277053,Medium
CASE_383,9.9,5.96994204911164,Medium
CASE_384,10.59,5.061954594687769,High
CASE_385,11.23,6.201443453732213,Medium
CASE_386,9.05,6.4441017205852305,High
CASE_387,8.4,4.827330892307649,Low
CASE_388,10.19,6.375364211342692,Medium
CASE_389,10.61,4.915749785502799,High
CASE_390,8.37,5.964313485130905,Low
CASE_391,12.34,5.551946207107935,Medium
CASE_392,9.82,6.541499671810796,High
CASE_393,7.97,4.643317862827743,Low
CASE_394,7.54,5.601442520331497,High
CASE_395,9.29,5.327698867733347,High
CASE_396,6.42,5.12437851683124,Medium
CASE_397,8.52,5.675643962516939,Medium
CASE_398,8.33,5.445984392957473,Low
CASE_399,8.12,7.032226358403964,Low
CASE_400,9.43,5.938171125984278,High
CASE_401,7.01,5.209547967025315,Low
CASE_402,9.15,4.919248897917177,High
CASE_403,8.41,6.36950765750655,High
CASE_404,8.24,5.028653573006874,Medium
CASE_405,8.73,5.436192971975605,Medium
CASE_406,7.35,6.237605409348468,Low
CASE_407,10.15,6.273330746772098,Low
CASE_408,10.11,5.80533472699501,Medium
CASE_409,7.57,3.924971877121787,High
CASE_410,10.81,5.904193726711113,Medium
CASE_411,9.76,5.899019029360804,Medium
CASE_412,8.97,5.432110630179032,High
CASE_413,8.32,5.679554992050347,Low
CASE_414,7.8,5.747281424569872,High
CASE_415,8.31,6.191027932022495,High
CASE_416,6.24,4.60228042656101,High
CASE_417,8.57,4.823838341580926,Low
CASE_418,10.23,5.600636005637726,Low
CASE_419,10.21,4.39716456119427,Low
CASE_420,10.19,5.2365228668082064,Medium
CASE_421,9.6,5.274280035755338,Medium
CASE_422,10.35,5.948240982452819,Medium
CASE_423,9.61,5.89295829677577,Medium
CASE_424,9.52,5.0381525763414166,Medium
CASE_425,9.62,5.732654516463816,Medium
CASE_426,10.14,5.510714830595472,Medium
CASE_427,8.51,5.603419338577151,Low
CASE_428,9.29,6.804013237260798,Low
CASE_429,11.14,6.620743096602394,Medium
CASE_430,7.7,5.825931854641332,Low
CASE_431,9.77,5.788709183220745,Low
CASE_432,9.95,6.530157979463018,Medium
CASE_433,8.29,4.742080003088585,Medium
CASE_434,8.74,5.051268886166059,Medium
CASE_435,8.89,6.413010837080387,Low
CASE_436,8.65,5.999170699049739,High
CASE_437,10.25,4.957225030902818,High
CASE_438,9.72,5.9733114268565215,Medium
CASE_439,8.83,5.735370194685679,Low
CASE_440,9.35,5.1235139113750074,High
CASE_441,8.93,6.63981887305251,Medium
CASE_442,8.77,5.620349171585165,Medium
CASE_443,8.55,4.941834341088009,High
CASE_444,7.5,4.304464726460811,High
CASE_445,9.9,5.113563042353129,Low
CASE_446,10.28,6.375983502686027,High
CASE_447,8.8,5.002871081214918,Low
CASE_448,8.51,5.232725848492422,High
CASE_449,10.48,5.419843513370896,Medium
CASE_450,8.21,5.4546397042310355,Low
CASE_451,8.65,5.930844555359131,High
CASE_452,8.11,5.258807674895291,Medium
CASE_453,8.67,5.878742859412868,Low
CASE_454,8.66,4.952990758034094,Low
CASE_455,5.58,5.464874858864569,Low
CASE_456,10.22,4.56518898097359,Medium
CASE_457,9.56,5.544897938357749,Medium
CASE_458,10.13,5.904951356945735,High
CASE_459,8.32,5.658300140817594,High
CASE_460,10.02,5.344402559549139,Medium
CASE_461,9.19,4.255992632306316,High
CASE_462,11.84,6.839539540031046,Low
CASE_463,9.82,4.61962389234743,Medium
CASE_464,9.75,5.874098540358742,Medium
CASE_465,8.79,6.025756491648718,Low
CASE_466,8.35,6.182829960474521,High
CASE_467,10.76,4.609160545779076,High
CASE_468,11.4,5.900471076952312,Medium
CASE_469,9.17,4.8551889849712895,High
CASE_470,10.4,5.063273220851978,Medium
CASE_471,10.17,5.158430700316403,High
CASE_472,6.23,4.508974429440933,High
CASE_473,6.4,4.759772486483229,Low
CASE_474,8.85,4.520581610022692,Medium
CASE_475,10.55,6.052289883088109,High
CASE_476,8.4,5.36141625616651,Low
CASE_477,10.01,5.500002928820047,Low
CASE_478,7.38,4.587822162266924,Medium
CASE_479,10.26,5.9896573472469266,Medium
CASE_480,7.65,5.8700924386957505,Low
CASE_481,8.51,4.846024208552281,Low
CASE_482,8.42,4.401861132627496,Medium
CASE_483,8.49,6.452133479906767,Medium
CASE_484,10.74,5.917462891816857,Low
CASE_485,8.39,4.809958966232325,Medium
CASE_486,10.23,4.689419919223167,Medium
CASE_487,7.84,5.354841421765883,Low
CASE_488,10.32,6.287747760013418,Medium
CASE_489,7.42,5.651477133917233,Medium
CASE_490,8.96,5.0214532800094895,Low
CASE_491,11.42,7.336820505629918,Low
CASE_492,10.54,6.38438470092346,High
CASE_493,10.29,4.792081540940666,Medium
CASE_494,8.5,5.794466287781275,High
CASE_495,8.93,4.433418417112916,Medium
CASE_496,8.73,6.310474290881973,Medium
CASE_497,8.74,6.078914829237226,Medium
CASE_498,9.35,5.656518202979239,Medium
CASE_499,8.86,6.956472320652203,Low
CASE_500,7.89,6.4615704663582685,Medium
CASE_501,6.87,5.327721185944821,Medium
CASE_502,10.03,6.197525989800812,Low
CASE_503,9.5,5.193091534231347,High
CASE_504,8.83,5.198507371828931,Low
CASE_505,7.81,4.468910342730477,High
CASE_506,9.45,5.593119549836027,Low
CASE_507,6.14,4.575376907958655,High
CASE_508,9.81,4.904094371110561,Low
CASE_509,7.23,5.66086665880252,Medium
CASE_510,7.66,5.616690205672679,Medium
CASE_511,9.61,6.615753453098762,Medium
CASE_512,8.71,6.214814570594708,High
CASE_513,8.28,6.220954457107183,Medium
CASE_514,8.72,6.241465210235337,Medium
CASE_515,11.87,6.0883715455777585,Medium
CASE_516,8.44,5.154341400317314,High
CASE_517,11.44,4.8653970337387245,High
CASE_518,7.46,5.729252514975791,Low
CASE_519,7.42,5.380427711050678,Low
CASE_520,5.42,6.559713328252018,High
CASE_521,9.28,6.240194596377305,High
CASE_522,10.03,5.729788018984141,Low
CASE_523,9.18,7.118308275721758,High
CASE_524,10.76,5.348937613825302,Low
CASE_525,8.05,4.583589577128836,Medium
CASE_526,10.0,4.933846655178074,Medium
CASE_527,7.78,6.862489485484524,High
CASE_528,9.92,4.8200717499031835,Medium
CASE_529,9.74,5.747293273593212,Medium
CASE_530,8.69,5.565125979688361,High
CASE_531,11.01,5.185963187159136,Medium
CASE_532,9.53,5.448701119858799,Medium
CASE_533,8.45,4.707959126496902,Medium
CASE_534,10.72,6.199094327073215,Medium
CASE_535,8.13,6.373398079254649,Low
CASE_536,7.6,4.472953392839874,Medium
CASE_537,10.22,6.220881902032273,High
CASE_538,9.53,5.596114248568212,Low
CASE_539,9.92,5.7291260373187045,High
CASE_540,10.51,5.759393137942235,Low
CASE_541,9.48,5.609021217908873,Low
CASE_542,6.02,6.793151006605455,High
CASE_543,11.17,5.76697140761285,Medium
CASE_544,10.57,5.574216592551168,Medium
CASE_545,10.56,5.962068333135034,Medium
CASE_546,9.87,4.334699601109567,Medium
CASE_547,8.13,6.284670272346453,High
CASE_548,9.38,6.272686981242467,Low
CASE_549,8.4,4.968562778581861,Medium
CASE_550,9.73,5.65123095801984,Medium
CASE_551,9.28,4.277633164939304,Low
CASE_552,9.8,6.222025959972152,High
CASE_553,5.21,4.928275229674314,Medium
CASE_554,9.16,6.648764716768585,Medium
CASE_555,6.48,4.130843313606595,Medium
CASE_556,9.97,5.152550257319363,Low
CASE_557,8.28,5.503553642487815,High
CASE_558,10.68,5.934113568312888,High
CASE_559,8.88,5.420973943571469,Medium
CASE_560,8.87,6.127043235669664,High
CASE_561,7.18,5.96527056505366,High
CASE_562,10.61,5.984769722570607,High
CASE_563,9.48,5.89341431991112,High
CASE_564,8.55,6.446579766410378,Medium
CASE_565,5.3,4.557432533776127,High
CASE_566,5.97,6.078987068138592,High
CASE_567,7.79,5.535846307283624,High
CASE_568,10.66,5.404602842606328,High
CASE_569,8.7,6.641866629468418,High
CASE_570,9.71,4.724947198248378,Low
CASE_571,8.51,5.822063266902717,Low
CASE_572,6.32,5.1450767341210675,Medium
CASE_573,9.15,5.026697456175804,Medium
CASE_574,5.11,5.767136405490469,Medium
CASE_575,8.72,5.990066140367477,Medium
CASE_576,11.27,6.287061752294269,Medium
CASE_577,7.47,4.191840760192971,Medium
CASE_578,8.13,4.433095107559775,Medium
CASE_579,9.0,5.724799266711103,Medium
CASE_580,8.38,5.127639787541807,Low
CASE_581,9.99,5.73925047901472,High
CASE_582,8.69,4.713386975929155,High
CASE_583,5.82,6.930091498934356,High
CASE_584,9.16,5.482768769836417,Medium
CASE_585,8.62,5.607101813694968,Medium
CASE_586,9.25,6.000505115652966,Medium
CASE_587,8.13,5.936688567757393,Medium
CASE_588,9.82,5.897819845699637,Medium
CASE_589,9.8,5.36992886413041,Low
CASE_590,8.68,5.722944755003384,High
CASE_591,11.37,6.225370726127826,Medium
CASE_592,8.84,6.554785871351868,Low
CASE_593,8.6,7.057192790576761,Low
CASE_594,7.5,5.463529066277506,Medium
CASE_595,9.88,6.246975074114777,Low
CASE_596,8.84,5.69845236576163,Low
CASE_597,11.92,4.99899495064584,Low
CASE_598,7.68,4.9399301407495635,Medium
CASE_599,11.25,4.637987562409362,Medium
CASE_600,9.44,6.411405256364362,Medium
CASE_601,10.17,5.587841647424177,High
CASE_602,9.88,5.9636649691238555,Low
CASE_603,10.47,6.88982547035885,High
CASE_604,9.33,5.3919980897861395,High
CASE_605,8.28,5.912216189334007,Medium
CASE_606,10.01,5.209107012377448,Medium
CASE_607,8.83,5.781708073552491,Low
CASE_608,8.01,6.14267968012351,High
CASE_609,10.2,4.878908358783983,High
CASE_610,7.67,4.549224162594296,Low
CASE_611,11.04,5.845847361476291,High
CASE_612,11.39,5.0915174928885945,High
CASE_613,9.34,5.66073327685587,High
CASE_614,9.85,6.443773425742938,Low
CASE_615,10.13,5.08539079242747,Medium
CASE_616,9.34,5.618976825424215,Low
CASE_617,8.78,5.532101379022419,Medium
CASE_618,8.76,5.448608704843102,High
CASE_619,9.22,5.203305280819048,High
CASE_620,10.05,5.4272400915090895,Medium
CASE_621,10.27,5.6931645255341925,Medium
CASE_622,9.25,5.7981782809725155,Low
CASE_623,8.94,5.282442768422855,Medium
CASE_624,8.15,6.238911481305259,Low
CASE_625,10.6,4.9488728552077355,High
CASE_626,8.08,5.571282712265304,High
CASE_627,8.98,6.488995916772553,Low
CASE_628,10.33,5.498318135526586,Medium
CASE_629,9.72,7.055501244851834,Low
CASE_630,10.27,5.5618811367646845,Low
CASE_631,7.43,5.154795370205902,Medium
CASE_632,7.06,5.258569093456001,Medium
CASE_633,7.28,7.005611043701126,High
CASE_634,10.0,6.684808854445225,High
CASE_635,7.68,6.327084128839249,Medium
CASE_636,9.5,5.890690752382881,Low
CASE_637,8.28,5.688340518911855,Medium
CASE_638,7.91,5.307188403319703,Low
CASE_639,7.51,6.2519836608640995,Low
CASE_640,9.72,4.393024043422152,High
CASE_641,7.5,4.571413275159444,High
CASE_642,10.82,5.900258102568436,High
CASE_643,9.63,4.847065898149204,Low
CASE_644,9.43,4.95323708609341,Medium
CASE_645,9.35,4.080429649962164,Medium
CASE_646,9.43,5.909943204843521,Medium
CASE_647,8.99,5.102994335220278,Low
CASE_648,10.28,6.026677933333609,Low
CASE_649,9.42,3.8256281616392136,Medium
CASE_650,7.81,6.786239971754917,High
CASE_651,8.42,4.8366968382859765,Low
CASE_652,8.91,5.35221824471696,Medium
CASE_653,8.48,5.5171942514871,Medium
CASE_654,9.55,5.813251404272713,Medium
CASE_655,7.43,4.6492821708336685,Medium
CASE_656,8.56,5.187210805486754,Medium
CASE_657,10.02,5.975885072924524,Medium
CASE_658,9.97,6.890987380385167,Medium
CASE_659,11.61,5.801610878852423,Low
CASE_660,7.37,4.514102557344435,Medium
CASE_661,10.36,6.785382835717368,High
CASE_662,7.57,5.308451135176289,High
CASE_663,8.92,5.943294773255252,High
CASE_664,8.39,4.524900593561963,Low
CASE_665,9.38,5.289883562820137,High
CASE_666,11.01,6.296645376024832,High
CASE_667,7.88,6.0168544504796895,Medium
CASE_668,10.17,4.727470105890287,Medium
CASE_669,8.82,6.502855670066594,Medium
CASE_670,9.11,4.897333418097926,Medium
CASE_671,9.51,4.890262772804121,Medium
CASE_672,11.47,5.571837641450387,Low
CASE_673,7.66,6.148231483810762,High
CASE_674,9.42,5.951288677617851,Low
CASE_675,10.78,5.444917454409117,Medium
CASE_676,6.42,4.666252940058004,Medium
CASE_677,7.81,4.633917225449921,Low
CASE_678,6.2,4.524695253530237,Medium
CASE_679,7.85,5.671916508709387,Medium
CASE_680,7.11,4.558357287224299,Low
CASE_681,10.89,4.710887209595957,High
CASE_682,10.54,5.6170949101876,Medium
CASE_683,10.38,5.1459435229830754,Medium
CASE_684,10.05,6.498665801887731,High
CASE_685,11.59,6.530815126448718,Medium
CASE_686,7.11,7.51248854954575,Medium
CASE_687,8.31,5.171279567012518,Medium
CASE_688,10.01,6.174250276752177,Low
CASE_689,8.02,4.5441110573208165,Medium
CASE_690,11.68,5.92781444236203,Medium
CASE_691,8.81,5.943895040465677,Low
CASE_692,8.47,6.2347280812950725,Medium
CASE_693,9.49,3.5005409218418198,High
CASE_694,9.86,5.632137024440154,Medium
CASE_695,8.33,6.72096832120161,Medium
CASE_696,9.19,6.578868224891988,Low
CASE_697,9.82,6.168189057961492,Medium
CASE_698,7.31,5.2284418265848664,Low
CASE_699,7.49,5.171849713305277,Low
CASE_700,8.3,4.878314541236708,Low
CASE_701,8.99,5.130813920372495,Medium
CASE_702,7.68,5.542081592551061,High
CASE_703,8.57,5.584832912747308,Medium
CASE_704,9.64,5.316306163714249,Medium
CASE_705,8.96,6.56103653675527,Medium
CASE_706,7.46,4.560265872739457,High
CASE_707,11.47,5.836494809616049,Medium
CASE_708,10.51,5.576774261460647,Medium
CASE_709,8.43,4.455086984627634,Low
CASE_710,7.9,5.337044625382034,Low
CASE_711,8.65,4.411310275805293,Medium
CASE_712,10.29,5.657896723633687,Medium
CASE_713,8.78,5.706976327174403,Low
CASE_714,8.36,5.163888579549549,Medium
CASE_715,9.7,5.720692458883855,Medium
CASE_716,8.92,5.813893625209621,Medium
CASE_717,10.49,5.982438612955283,Medium
CASE_718,9.85,5.676111692798239,Low
CASE_719,9.26,5.823532089654552,Medium
CASE_720,9.24,5.503342994596793,Medium
CASE_721,9.63,5.885564761684361,Medium
CASE_722,9.73,4.712236951049356,Medium
CASE_723,9.63,3.988781057624251,Medium
CASE_724,10.16,5.579890818415154,Medium
CASE_725,5.93,5.184620097877487,Low
CASE_726,10.44,6.556352855914853,Medium
CASE_727,10.3,4.012545647028437,Medium
CASE_728,8.59,5.065194556447448,Medium
CASE_729,9.42,5.5629407491167635,Medium
CASE_730,6.79,6.1177517742411,High
CASE_731,8.84,6.370487336621978,High
CASE_732,10.87,4.3491948389407105,High
CASE_733,7.4,5.8865868825259815,Medium
CASE_734,7.77,6.2026939070843845,Low
CASE_735,9.37,5.043670434395235,Medium
CASE_736,7.79,5.199667360729503,High
CASE_737,9.69,6.605429306321334,Medium
CASE_738,9.06,6.5316820066538614,High
CASE_739,8.66,5.369775785214485,High
CASE_740,9.23,4.643688063619677,Low
CASE_741,8.2,5.774116582089688,Medium
CASE_742,9.05,4.475489945110551,High
CASE_743,9.28,5.110933383723438,Medium
CASE_744,10.06,5.942744452990049,High
CASE_745,10.33,6.5395489884144675,Low
CASE_746,8.58,5.616064718186363,High
CASE_747,8.83,4.3819981973162045,High
CASE_748,9.06,4.995676178955588,Medium
CASE_749,8.27,5.360746858017978,Medium
CASE_750,9.35,5.105909491560193,Medium
CASE_751,10.04,5.601014354444981,Low
CASE_752,7.23,5.919056005434465,Medium
CASE_753,9.68,5.730820051349522,Medium
CASE_754,8.76,6.552976754122694,Low
CASE_755,8.67,5.161024329028651,High
CASE_756,9.11,5.434471333926337,Low
CASE_757,8.64,4.677347498694578,Medium
CASE_758,9.29,5.832717358511478,Medium
CASE_759,8.44,6.2221959302512255,Medium
CASE_760,8.78,3.535427337688701,Low
CASE_761,7.62,4.491788104425378,High
CASE_762,7.83,4.887985641442379,Low
CASE_763,7.84,5.223982316388341,Medium
CASE_764,9.51,5.331193892861916,High
CASE_765,9.39,6.754847754042957,High
CASE_766,10.82,6.140765792112538,High
CASE_767,9.33,5.195056582530599,High
CASE_768,9.93,5.698545693607343,Medium
CASE_769,10.91,4.683920954036629,Medium
CASE_770,7.41,5.774758353152697,Medium
CASE_771,9.17,5.894795771925919,Medium
CASE_772,7.35,6.176538559151405,High
CASE_773,10.2,5.608601841220796,High
CASE_774,7.27,5.210454392505604,Low
CASE_775,9.31,6.449416828855204,High
CASE_776,10.01,5.471788310171019,Medium
CASE_777,10.38,6.1230972994610875,High
CASE_778,8.84,6.385370358254253,Medium
CASE_779,8.9,5.226764277705725,High
CASE_780,9.99,6.005808797229151,Low
CASE_781,11.27,6.000842983371493,Medium
CASE_782,10.46,6.5646091378679925,High
CASE_783,9.62,5.66230396430424,Low
CASE_784,9.45,5.611721584641682,Low
CASE_785,10.39,6.726527738859626,Low
CASE_786,7.38,5.562731169287207,High
CASE_787,7.66,4.561361123419446,Medium
CASE_788,9.77,6.005416152221853,Low
CASE_789,8.94,5.786970620794208,Low
CASE_790,8.63,6.439005256761753,High
CASE_791,7.48,5.771000666963204,High
CASE_792,8.05,5.290834910059456,Medium
CASE_793,8.82,5.630236057589617,High
CASE_794,10.24,6.336757342341715,High
CASE_795,9.1,5.62118852526902,Medium
CASE_796,10.74,6.110530115047734,High
CASE_797,9.47,5.259495643589595,Low
CASE_798,8.46,5.346186058380766,Low
CASE_799,9.55,5.91157971337093,High
CASE_800,7.59,5.108663377254612,Medium
CASE_801,8.49,5.391979703774529,Medium
CASE_802,9.76,5.762072362652914,Medium
CASE_803,10.7,4.392635082013649,Low
CASE_804,10.7,5.267456635114058,Low
CASE_805,7.5,6.490055109796605,High
CASE_806,9.1,5.938580649094077,Low
CASE_807,9.5,5.19758510715884,Low
CASE_808,8.98,5.68185992445859,Low
CASE_809,8.79,5.715434371234093,Medium
CASE_810,9.84,6.286160634361815,Low
CASE_811,8.78,5.953994976345018,Medium
CASE_812,8.59,5.516335805312581,High
CASE_813,10.53,5.340255639533791,High
CASE_814,11.1,5.889121233642325,High
CASE_815,9.24,5.976705015675471,High
CASE_816,9.47,4.500285474247932,Medium
CASE_817,10.23,4.869952487446894,Medium
CASE_818,10.46,6.10385368327896,High
CASE_819,8.03,5.937999649017391,High
CASE_820,8.06,6.338311110513283,Medium
CASE_821,9.72,4.937012970839829,High
CASE_822,8.03,5.178968882869948,Low
CASE_823,11.23,5.454866726438556,Low
CASE_824,9.67,5.587134648804578,Medium
CASE_825,7.58,6.581176170297409,Medium
CASE_826,10.09,5.5332441353770205,High
CASE_827,8.08,6.263835458005209,Low
CASE_828,10.12,7.395545117215374,Medium
CASE_829,9.85,5.893390107140931,Medium
CASE_830,9.12,6.933609490033689,Medium
CASE_831,8.36,6.226948105122253,Medium
CASE_832,7.51,4.298199542303493,High
CASE_833,8.69,4.417131766387203,Medium
CASE_834,9.12,6.732784428686882,Low
CASE_835,8.55,6.52963148033,Medium
CASE_836,8.02,5.5245505106398,Low
CASE_837,5.92,4.756040358960451,High
CASE_838,9.53,6.598248405002177,High
CASE_839,7.08,4.922124117754901,High
CASE_840,7.81,5.44164279559728,Medium
CASE_841,11.01,5.132187365529608,Low
CASE_842,8.58,4.601833284045729,Low
CASE_843,10.55,5.389727963546522,Medium
CASE_844,7.63,4.5535957444883675,Low
CASE_845,8.17,5.7542821413746505,High
CASE_846,9.23,5.513992838371279,Medium
CASE_847,9.69,5.709639615064606,Low
CASE_848,10.45,4.48551854641829,Medium
CASE_849,9.67,5.1563250263277824,Low
CASE_850,7.93,5.033569286972767,Low
CASE_851,7.92,5.340382797566906,Low
CASE_852,10.41,4.718861029474647,Low
CASE_853,9.55,4.371719752388083,Medium
CASE_854,9.51,6.314416862304706,Medium
CASE_855,8.51,4.543921380087451,High
CASE_856,10.42,5.832430883878911,Low
CASE_857,8.05,5.342969454347009,Medium
CASE_858,7.21,6.526658774189042,High
CASE_859,9.96,5.195846094839517,Medium
CASE_860,10.83,5.087005454388701,Low
CASE_861,10.3,5.610414745157223,Low
CASE_862,9.46,5.5176068844321025,Medium
CASE_863,6.22,4.453838772727707,Medium
CASE_864,9.44,5.6190409126533405,Low
CASE_865,9.25,6.269348749864203,Medium
CASE_866,5.35,4.328078712038266,Medium
CASE_867,6.76,4.99553155156521,Low
CASE_868,9.96,6.386607786721921,High
CASE_869,7.98,6.348721777959367,High
CASE_870,7.53,5.148250283313472,Medium
CASE_871,6.29,6.048899968870317,Medium
CASE_872,9.38,5.6386973539109535,Low
CASE_873,9.04,5.103393662627607,High
CASE_874,7.78,4.656879453432363,Medium
CASE_875,11.37,6.251230548106003,High
CASE_876,10.53,5.455692739557772,Low
CASE_877,10.87,5.177971057949294,Medium
CASE_878,6.21,5.401258628572107,Medium
CASE_879,8.71,5.420954731134144,High
CASE_880,7.44,4.960475668790654,Low
CASE_881,8.39,5.061520762759984,Medium
CASE_882,9.24,5.827731234133143,Medium
CASE_883,9.52,5.685185726781688,Medium
CASE_884,11.31,5.423157782336581,Medium
CASE_885,9.41,5.683730374503035,High
CASE_886,7.81,4.1005909341214855,High
CASE_887,8.0,5.27119085282575,Medium
CASE_888,9.65,5.317166589483281,High
CASE_889,9.42,5.252380482164806,Medium
CASE_890,10.28,5.710374277882649,Medium
CASE_891,9.23,4.888925031130127,Low
CASE_892,9.66,6.756797150898953,Medium
CASE_893,9.55,5.418921584560294,Medium
CASE_894,9.92,4.262249844676886,High
CASE_895,10.81,5.896433446757414,Medium
CASE_896,8.98,5.420541545267628,Low
CASE_897,8.65,5.229365902097202,Medium
CASE_898,9.72,5.818157223531682,Medium
CASE_899,7.96,5.0631302848282465,Low
CASE_900,9.55,5.989341251726598,Low
CASE_901,8.69,6.4040470281738315,Medium
CASE_902,7.67,4.271533142581836,Low
CASE_903,9.83,6.09273257958418,Low
CASE_904,9.02,6.436598969265414,Low
CASE_905,8.7,6.064990547890895,Low
CASE_906,9.65,4.920896274683411,Medium
CASE_907,9.9,5.52063869300332,Low
CASE_908,9.67,6.42174254524038,High
CASE_909,9.35,6.1165955649489465,Low
CASE_910,10.35,5.087121223580913,High
CASE_911,9.01,5.870000327409718,High
CASE_912,9.22,5.815729090585765,Low
CASE_913,11.48,5.0359054760254285,Medium
CASE_914,9.72,5.617970998797136,Medium
CASE_915,8.47,4.714892543273792,Low
CASE_916,9.86,6.364776709018098,Medium
CASE_917,11.83,5.646419211822656,Medium
CASE_918,9.24,5.875730061441078,Low
CASE_919,10.9,5.425606473232325,High
CASE_920,7.6,5.3359608622625,Low
CASE_921,9.96,4.980117498461329,Medium
CASE_922,8.64,5.224943602741919,High
CASE_923,7.41,5.601487361945852,Medium
CASE_924,8.51,5.179219169398724,Low
CASE_925,8.49,5.451053817473505,Medium
CASE_926,9.54,5.316734728244911,Medium
CASE_927,8.31,6.816498596522963,Medium
CASE_928,9.84,4.716801667541226,Medium
CASE_929,8.58,5.409535283019758,Medium
CASE_930,7.66,5.636003272267866,Medium
CASE_931,6.73,5.194424603037856,Medium
CASE_932,7.55,5.600745839497892,Medium
CASE_933,7.1,4.619928081091325,Medium
CASE_934,8.2,6.037811420271019,Medium
CASE_935,7.75,6.413472262537787,Medium
CASE_936,9.78,6.086971750531841,Low
CASE_937,9.25,5.3228437703356954,Low
CASE_938,9.17,5.308610478426818,Medium
CASE_939,10.61,5.27918342391888,Low
CASE_940,6.68,5.678481733538969,High
CASE_941,10.57,5.217353363716639,High
CASE_942,10.93,5.142434138827526,High
CASE_943,10.96,5.380192865134783,Medium
CASE_944,9.96,6.226972601275984,High
CASE_945,10.31,5.768010840939861,Medium
CASE_946,7.98,6.232291489608622,Low
CASE_947,10.43,4.785648921843298,Medium
CASE_948,8.49,4.292834257306328,Low
CASE_949,9.23,5.249393235736038,Medium
CASE_950,11.55,4.971953809601779,High
CASE_951,8.39,4.169127037689379,Medium
CASE_952,8.24,5.204416929701621,High
CASE_953,9.17,6.737063796702787,Low
CASE_954,10.38,5.581338286416915,Medium
CASE_955,8.03,5.681993996036371,Medium
CASE_956,10.13,4.9775321804792085,Medium
CASE_957,8.31,6.309002708204144,Medium
CASE_958,9.9,5.154707177989553,Medium
CASE_959,10.54,4.976277739181363,Medium
CASE_960,10.98,5.371273706504644,High
CASE_961,10.82,6.573393173661616,Low
CASE_962,10.36,4.672791977383451,Medium
CASE_963,7.09,6.06211083951588,Low
CASE_964,8.85,6.124179754239374,Low
CASE_965,9.47,4.923153597303909,High
CASE_966,8.83,5.193189698645474,Low
CASE_967,10.91,6.289456255066425,Medium
CASE_968,9.14,5.381004570999945,Low
CASE_969,8.73,5.277470409476399,High
CASE_970,9.45,6.415623414646412,Low
CASE_971,10.0,5.289686026236568,Medium
CASE_972,7.39,4.404868121463888,Low
CASE_973,8.28,5.532298732266171,Medium
CASE_974,10.73,4.979182331247059,High
CASE_975,8.86,4.713350405414254,Medium
CASE_976,10.35,5.444216003261795,Low
CASE_977,8.15,5.08157552870691,Low
CASE_978,8.4,6.36087645618424,High
CASE_979,8.91,4.70108307066214,Low
CASE_980,9.68,5.2294779189861025,Low
CASE_981,10.18,6.359178195109852,High
CASE_982,7.82,5.862784821368117,Medium
CASE_983,10.76,6.569419645233309,Low
CASE_984,10.62,6.611812320692909,Medium
CASE_985,7.45,4.746250797857632,Low
CASE_986,9.56,5.511514348622903,Low
CASE_987,8.48,4.989963311830428,Low
CASE_988,8.57,5.164857612821765,High
CASE_989,10.89,5.349034257856651,Medium
CASE_990,8.66,5.190932480588766,Medium
CASE_991,8.98,5.43468554953515,High
CASE_992,9.81,4.869018080882363,Medium
CASE_993,8.67,5.2019026754374575,Medium
CASE_994,9.46,5.402107774104513,Medium
CASE_995,10.18,6.223770721986302,Low
CASE_996,8.8,5.706167345622155,Medium
CASE_997,11.16,5.479713438633982,Medium
CASE_998,6.25,5.535323197591683,Low
CASE_999,7.65,6.395650691085023,Low
